[{"model": "contenttypes.contenttype", "fields": {"app_label": "admin", "model": "logentry"}}, {"model": "contenttypes.contenttype", "fields": {"app_label": "auth", "model": "permission"}}, {"model": "contenttypes.contenttype", "fields": {"app_label": "auth", "model": "group"}}, {"model": "contenttypes.contenttype", "fields": {"app_label": "auth", "model": "user"}}, {"model": "contenttypes.contenttype", "fields": {"app_label": "contenttypes", "model": "contenttype"}}, {"model": "contenttypes.contenttype", "fields": {"app_label": "sessions", "model": "session"}}, {"model": "contenttypes.contenttype", "fields": {"app_label": "myapp", "model": "category"}}, {"model": "contenttypes.contenttype", "fields": {"app_label": "myapp", "model": "order"}}, {"model": "contenttypes.contenttype", "fields": {"app_label": "myapp", "model": "product"}}, {"model": "contenttypes.contenttype", "fields": {"app_label": "myapp", "model": "client"}}, {"model": "sessions.session", "pk": "ilv310ts40c4luqtjnwwszmj98xt3h5i", "fields": {"session_data": "YjMyYTQwNWZhYTQzMGFmOTk3YmE1MTA4YTQyZGIzMjhiNDk4OTg4ODp7Imxhc3RfbG9naW4iOiIyMDE5LTA2LTIzIDIyOjU2OjEyLjc1MzU1MCIsIl9zZXNzaW9uX2V4cGlyeSI6MzYwMH0=", "expire_date": "2019-06-24T03:56:12.915Z"}}, {"model": "sessions.session", "pk": "n0m69nhezxj47of0d0l1cwag336odh5c", "fields": {"session_data": "ZDU0YWM3NmJjNDA2MGJhNmQ2ZjU0ZGM0ZGEzMzM1YTBjZDE2OGIwNzp7Il9hdXRoX3VzZXJfaWQiOiIyIiwiX2F1dGhfdXNlcl9iYWNrZW5kIjoiZGphbmdvLmNvbnRyaWIuYXV0aC5iYWNrZW5kcy5Nb2RlbEJhY2tlbmQiLCJfYXV0aF91c2VyX2hhc2giOiI0NGE0ODg0NDUwYzhhNTI4OWU3ZjY0YWQ2YzlmMzQwZGU3MWE5YmE0In0=", "expire_date": "2019-06-24T01:37:38.158Z"}}, {"model": "sessions.session", "pk": "us77ea7la8hspd83bghlasbjxo6manlf", "fields": {"session_data": "ZDU0YWM3NmJjNDA2MGJhNmQ2ZjU0ZGM0ZGEzMzM1YTBjZDE2OGIwNzp7Il9hdXRoX3VzZXJfaWQiOiIyIiwiX2F1dGhfdXNlcl9iYWNrZW5kIjoiZGphbmdvLmNvbnRyaWIuYXV0aC5iYWNrZW5kcy5Nb2RlbEJhY2tlbmQiLCJfYXV0aF91c2VyX2hhc2giOiI0NGE0ODg0NDUwYzhhNTI4OWU3ZjY0YWQ2YzlmMzQwZGU3MWE5YmE0In0=", "expire_date": "2019-07-11T23:39:58.053Z"}}, {"model": "sessions.session", "pk": "wc06i7jsa9iu8pmqm38w9hjiuf6b4ag9", "fields": {"session_data": "ZDU0YWM3NmJjNDA2MGJhNmQ2ZjU0ZGM0ZGEzMzM1YTBjZDE2OGIwNzp7Il9hdXRoX3VzZXJfaWQiOiIyIiwiX2F1dGhfdXNlcl9iYWNrZW5kIjoiZGphbmdvLmNvbnRyaWIuYXV0aC5iYWNrZW5kcy5Nb2RlbEJhY2tlbmQiLCJfYXV0aF91c2VyX2hhc2giOiI0NGE0ODg0NDUwYzhhNTI4OWU3ZjY0YWQ2YzlmMzQwZGU3MWE5YmE0In0=", "expire_date": "2019-06-03T00:02:13.810Z"}}, {"model": "myapp.category", "pk": 1, "fields": {"name": "Furniture", "warehouse": "Windsor"}}, {"model": "myapp.category", "pk": 2, "fields": {"name": "Appliances", "warehouse": "Windsor"}}, {"model": "myapp.category", "pk": 3, "fields": {"name": "Electronics", "warehouse": "Windsor"}}, {"model": "myapp.category", "pk": 4, "fields": {"name": "Home Decor", "warehouse": "Windsor"}}, {"model": "myapp.category", "pk": 5, "fields": {"name": "Flooring", "warehouse": "Windsor"}}, {"model": "myapp.product", "pk": 1, "fields": {"category": 4, "name": "Clock", "price": "99.99", "stock": 100, "available": true, "description": "", "interested": 3}}, {"model": "myapp.product", "pk": 2, "fields": {"category": 4, "name": "Vase", "price": "82.54", "stock": 150, "available": true, "description": "", "interested": 0}}, {"model": "myapp.product", "pk": 3, "fields": {"category": 4, "name": "Painting", "price": "135.80", "stock": 115, "available": true, "description": "", "interested": 1}}, {"model": "myapp.product", "pk": 4, "fields": {"category": 4, "name": "Lamp", "price": "59.99", "stock": 200, "available": true, "description": "", "interested": 0}}, {"model": "myapp.product", "pk": 5, "fields": {"category": 3, "name": "Tablet", "price": "299.99", "stock": 0, "available": false, "description": "", "interested": 0}}, {"model": "myapp.product", "pk": 6, "fields": {"category": 3, "name": "Laptop", "price": "975.50", "stock": 85, "available": true, "description": "", "interested": 0}}, {"model": "myapp.product", "pk": 7, "fields": {"category": 3, "name": "TV", "price": "3500.00", "stock": 20, "available": true, "description": "", "interested": 0}}, {"model": "myapp.product", "pk": 8, "fields": {"category": 1, "name": "Table", "price": "599.99", "stock": 120, "available": true, "description": "", "interested": 0}}, {"model": "myapp.product", "pk": 9, "fields": {"category": 1, "name": "Dresser", "price": "360.85", "stock": 100, "available": true, "description": "", "interested": 0}}, {"model": "myapp.product", "pk": 10, "fields": {"category": 1, "name": "Bed", "price": "1225.25", "stock": 0, "available": false, "description": "", "interested": 0}}, {"model": "myapp.product", "pk": 11, "fields": {"category": 1, "name": "Sofa", "price": "1500.95", "stock": 175, "available": true, "description": "", "interested": 0}}, {"model": "myapp.product", "pk": 12, "fields": {"category": 2, "name": "Dryer", "price": "777.00", "stock": 0, "available": false, "description": "", "interested": 0}}, {"model": "myapp.product", "pk": 13, "fields": {"category": 2, "name": "Washer", "price": "885.75", "stock": 50, "available": true, "description": "", "interested": 0}}, {"model": "myapp.product", "pk": 14, "fields": {"category": 2, "name": "Stove", "price": "950.50", "stock": 50, "available": true, "description": "", "interested": 0}}, {"model": "auth.permission", "fields": {"name": "Can add log entry", "content_type": ["admin", "logentry"], "codename": "add_logentry"}}, {"model": "auth.permission", "fields": {"name": "Can change log entry", "content_type": ["admin", "logentry"], "codename": "change_logentry"}}, {"model": "auth.permission", "fields": {"name": "Can delete log entry", "content_type": ["admin", "logentry"], "codename": "delete_logentry"}}, {"model": "auth.permission", "fields": {"name": "Can view log entry", "content_type": ["admin", "logentry"], "codename": "view_logentry"}}, {"model": "auth.permission", "fields": {"name": "Can add permission", "content_type": ["auth", "permission"], "codename": "add_permission"}}, {"model": "auth.permission", "fields": {"name": "Can change permission", "content_type": ["auth", "permission"], "codename": "change_permission"}}, {"model": "auth.permission", "fields": {"name": "Can delete permission", "content_type": ["auth", "permission"], "codename": "delete_permission"}}, {"model": "auth.permission", "fields": {"name": "Can view permission", "content_type": ["auth", "permission"], "codename": "view_permission"}}, {"model": "auth.permission", "fields": {"name": "Can add group", "content_type": ["auth", "group"], "codename": "add_group"}}, {"model": "auth.permission", "fields": {"name": "Can change group", "content_type": ["auth", "group"], "codename": "change_group"}}, {"model": "auth.permission", "fields": {"name": "Can delete group", "content_type": ["auth", "group"], "codename": "delete_group"}}, {"model": "auth.permission", "fields": {"name": "Can view group", "content_type": ["auth", "group"], "codename": "view_group"}}, {"model": "auth.permission", "fields": {"name": "Can add user", "content_type": ["auth", "user"], "codename": "add_user"}}, {"model": "auth.permission", "fields": {"name": "Can change user", "content_type": ["auth", "user"], "codename": "change_user"}}, {"model": "auth.permission", "fields": {"name": "Can delete user", "content_type": ["auth", "user"], "codename": "delete_user"}}, {"model": "auth.permission", "fields": {"name": "Can view user", "content_type": ["auth", "user"], "codename": "view_user"}}, {"model": "auth.permission", "fields": {"name": "Can add content type", "content_type": ["contenttypes", "contenttype"], "codename": "add_contenttype"}}, {"model": "auth.permission", "fields": {"name": "Can change content type", "content_type": ["contenttypes", "contenttype"], "codename": "change_contenttype"}}, {"model": "auth.permission", "fields": {"name": "Can delete content type", "content_type": ["contenttypes", "contenttype"], "codename": "delete_contenttype"}}, {"model": "auth.permission", "fields": {"name": "Can view content type", "content_type": ["contenttypes", "contenttype"], "codename": "view_contenttype"}}, {"model": "auth.permission", "fields": {"name": "Can add session", "content_type": ["sessions", "session"], "codename": "add_session"}}, {"model": "auth.permission", "fields": {"name": "Can change session", "content_type": ["sessions", "session"], "codename": "change_session"}}, {"model": "auth.permission", "fields": {"name": "Can delete session", "content_type": ["sessions", "session"], "codename": "delete_session"}}, {"model": "auth.permission", "fields": {"name": "Can view session", "content_type": ["sessions", "session"], "codename": "view_session"}}, {"model": "auth.permission", "fields": {"name": "Can add category", "content_type": ["myapp", "category"], "codename": "add_category"}}, {"model": "auth.permission", "fields": {"name": "Can change category", "content_type": ["myapp", "category"], "codename": "change_category"}}, {"model": "auth.permission", "fields": {"name": "Can delete category", "content_type": ["myapp", "category"], "codename": "delete_category"}}, {"model": "auth.permission", "fields": {"name": "Can view category", "content_type": ["myapp", "category"], "codename": "view_category"}}, {"model": "auth.permission", "fields": {"name": "Can add order", "content_type": ["myapp", "order"], "codename": "add_order"}}, {"model": "auth.permission", "fields": {"name": "Can change order", "content_type": ["myapp", "order"], "codename": "change_order"}}, {"model": "auth.permission", "fields": {"name": "Can delete order", "content_type": ["myapp", "order"], "codename": "delete_order"}}, {"model": "auth.permission", "fields": {"name": "Can view order", "content_type": ["myapp", "order"], "codename": "view_order"}}, {"model": "auth.permission", "fields": {"name": "Can add product", "content_type": ["myapp", "product"], "codename": "add_product"}}, {"model": "auth.permission", "fields": {"name": "Can change product", "content_type": ["myapp", "product"], "codename": "change_product"}}, {"model": "auth.permission", "fields": {"name": "Can delete product", "content_type": ["myapp", "product"], "codename": "delete_product"}}, {"model": "auth.permission", "fields": {"name": "Can view product", "content_type": ["myapp", "product"], "codename": "view_product"}}, {"model": "auth.permission", "fields": {"name": "Can add client", "content_type": ["myapp", "client"], "codename": "add_client"}}, {"model": "auth.permission", "fields": {"name": "Can change client", "content_type": ["myapp", "client"], "codename": "change_client"}}, {"model": "auth.permission", "fields": {"name": "Can delete client", "content_type": ["myapp", "client"], "codename": "delete_client"}}, {"model": "auth.permission", "fields": {"name": "Can view client", "content_type": ["myapp", "client"], "codename": "view_client"}}, {"model": "auth.user", "fields": {"password": "pbkdf2_sha256$150000$bG9Fz4S8gYLm$peuZCKi3qB2wnxV5e6lIVYOBEZpMqVceO9ERo4D0uSQ=", "last_login": "2019-06-28T02:04:41.881Z", "is_superuser": true, "username": "admin", "first_name": "", "last_name": "", "email": "", "is_staff": true, "is_active": true, "date_joined": "2019-05-19T23:57:43.295Z", "groups": [], "user_permissions": []}}, {"model": "auth.user", "fields": {"password": "john", "last_login": null, "is_superuser": false, "username": "john", "first_name": "John", "last_name": "Smith", "email": "", "is_staff": false, "is_active": true, "date_joined": "2019-05-20T00:15:10Z", "groups": [], "user_permissions": []}}, {"model": "auth.user", "fields": {"password": "mary", "last_login": null, "is_superuser": false, "username": "mary", "first_name": "Mary", "last_name": "Hall", "email": "", "is_staff": false, "is_active": true, "date_joined": "2019-05-20T00:19:22Z", "groups": [], "user_permissions": []}}, {"model": "auth.user", "fields": {"password": "alan", "last_login": null, "is_superuser": false, "username": "alan", "first_name": "Alan", "last_name": "Jones", "email": "", "is_staff": false, "is_active": true, "date_joined": "2019-05-20T00:20:24Z", "groups": [], "user_permissions": []}}, {"model": "auth.user", "fields": {"password": "josh", "last_login": null, "is_superuser": false, "username": "josh", "first_name": "Josh", "last_name": "Jones", "email": "", "is_staff": false, "is_active": true, "date_joined": "2019-05-20T00:21:40Z", "groups": [], "user_permissions": []}}, {"model": "auth.user", "fields": {"password": "bill", "last_login": null, "is_superuser": false, "username": "bill", "first_name": "Bill", "last_name": "Wang", "email": "", "is_staff": false, "is_active": true, "date_joined": "2019-05-20T00:22:27Z", "groups": [], "user_permissions": []}}, {"model": "auth.user", "fields": {"password": "pbkdf2_sha256$120000$AevRdaOWTs6K$1kYQGTkcCVwNiNvOxN8ZJXQC+mQE0hjcdhhdWXnoJxM=", "last_login": "2019-06-28T01:29:08.990Z", "is_superuser": false, "username": "shah17u", "first_name": "Deep", "last_name": "Shah", "email": "shah17u@uwindsor.ca", "is_staff": false, "is_active": true, "date_joined": "2019-06-27T23:41:42.169Z", "groups": [], "user_permissions": []}}, {"model": "auth.user", "fields": {"password": "pbkdf2_sha256$120000$EakRObFPCB7I$flfV48MrUpb0bd/mbYBrV+UNELec9X7tj/+wn//Bzrs=", "last_login": "2019-06-28T00:21:27.183Z", "is_superuser": false, "username": "shah18u", "first_name": "Dep", "last_name": "sh", "email": "sh@y.com", "is_staff": false, "is_active": true, "date_joined": "2019-06-28T00:20:45.668Z", "groups": [], "user_permissions": []}}, {"model": "auth.user", "fields": {"password": "pbkdf2_sha256$120000$mwseL4nFnH91$VoOvad3jrnT2rW0zRaGMygszfwgL29Y4InVz7JxGR9c=", "last_login": "2019-06-28T00:25:44.286Z", "is_superuser": false, "username": "Jingar", "first_name": "aniket", "last_name": "jingar", "email": "aniketjingar@gmail.com", "is_staff": false, "is_active": true, "date_joined": "2019-06-28T00:25:16.139Z", "groups": [], "user_permissions": []}}, {"model": "auth.user", "fields": {"password": "pbkdf2_sha256$150000$A7S1UOP089GP$wCzgZGzJnZ2xBEM+iz8ypSbsuI5JPkXnKKhBOiWlAKU=", "last_login": "2019-06-28T02:34:25.101Z", "is_superuser": false, "username": "aniketjingar", "first_name": "Aniket", "last_name": "Jingar", "email": "aniketjingar@gmail.com", "is_staff": false, "is_active": true, "date_joined": "2019-06-28T02:16:34.930Z", "groups": [], "user_permissions": []}}, {"model": "myapp.client", "fields": {"user_ptr": ["john"], "company": "Cmp1", "shipping_address": "123 University Avenue", "city": "Windsor", "province": "ON", "groups": [], "user_permissions": [], "interested_in": [1, 2, 3, 4]}}, {"model": "myapp.client", "fields": {"user_ptr": ["mary"], "company": "cmp2", "shipping_address": "456 Sunset Avenue", "city": "Windsor", "province": "ON", "groups": [], "user_permissions": [], "interested_in": [1, 3]}}, {"model": "myapp.client", "fields": {"user_ptr": ["alan"], "company": "cmp3", "shipping_address": "789 King Street", "city": "Calgary", "province": "AB", "groups": [], "user_permissions": [], "interested_in": [2, 3, 4]}}, {"model": "myapp.client", "fields": {"user_ptr": ["josh"], "company": "cmp4", "shipping_address": "456 Sunset Avenue", "city": "Montreal", "province": "QC", "groups": [], "user_permissions": [], "interested_in": [1, 4]}}, {"model": "myapp.client", "fields": {"user_ptr": ["bill"], "company": "cmp5", "shipping_address": "987 King Street", "city": "Edmononton", "province": "AB", "groups": [], "user_permissions": [], "interested_in": [3]}}, {"model": "myapp.client", "fields": {"user_ptr": ["shah17u"], "company": "", "shipping_address": null, "city": "Windsor", "province": "ON", "groups": [], "user_permissions": [], "interested_in": []}}, {"model": "myapp.client", "fields": {"user_ptr": ["shah18u"], "company": "", "shipping_address": null, "city": "Windsor", "province": "ON", "groups": [], "user_permissions": [], "interested_in": []}}, {"model": "myapp.client", "fields": {"user_ptr": ["Jingar"], "company": "", "shipping_address": null, "city": "Windsor", "province": "ON", "groups": [], "user_permissions": [], "interested_in": []}}, {"model": "myapp.client", "fields": {"user_ptr": ["aniketjingar"], "company": "", "shipping_address": null, "city": "Windsor", "province": "ON", "groups": [], "user_permissions": [], "interested_in": []}}, {"model": "myapp.order", "pk": 1, "fields": {"product": 4, "client": ["mary"], "num_units": 2, "order_status": 1, "status_date": "2019-05-19"}}, {"model": "myapp.order", "pk": 2, "fields": {"product": 7, "client": ["john"], "num_units": 1, "order_status": 1, "status_date": "2019-05-19"}}, {"model": "myapp.order", "pk": 3, "fields": {"product": 2, "client": ["john"], "num_units": 5, "order_status": 1, "status_date": "2019-06-09"}}, {"model": "myapp.order", "pk": 4, "fields": {"product": 2, "client": ["john"], "num_units": 5, "order_status": 1, "status_date": "2019-06-09"}}, {"model": "myapp.order", "pk": 5, "fields": {"product": 2, "client": ["john"], "num_units": 5, "order_status": 1, "status_date": "2019-06-09"}}, {"model": "myapp.order", "pk": 6, "fields": {"product": 2, "client": ["john"], "num_units": 5, "order_status": 1, "status_date": "2019-06-09"}}, {"model": "myapp.order", "pk": 7, "fields": {"product": 3, "client": ["john"], "num_units": 10, "order_status": 1, "status_date": "2019-06-09"}}, {"model": "myapp.order", "pk": 8, "fields": {"product": 1, "client": ["john"], "num_units": 20, "order_status": 1, "status_date": "2019-06-10"}}, {"model": "myapp.order", "pk": 9, "fields": {"product": 3, "client": ["Jingar"], "num_units": 5, "order_status": 1, "status_date": "2019-06-27"}}, {"model": "admin.logentry", "pk": 1, "fields": {"action_time": "2019-05-20T00:11:40.771Z", "user": ["admin"], "content_type": ["myapp", "category"], "object_id": "1", "object_repr": "Dairy", "action_flag": 1, "change_message": "[{\"added\": {}}]"}}, {"model": "admin.logentry", "pk": 2, "fields": {"action_time": "2019-05-20T00:13:19.710Z", "user": ["admin"], "content_type": ["myapp", "category"], "object_id": "2", "object_repr": "Furniture", "action_flag": 1, "change_message": "[{\"added\": {}}]"}}, {"model": "admin.logentry", "pk": 3, "fields": {"action_time": "2019-05-20T00:13:43.024Z", "user": ["admin"], "content_type": ["myapp", "category"], "object_id": "1", "object_repr": "Furniture", "action_flag": 2, "change_message": "[{\"changed\": {\"fields\": [\"name\"]}}]"}}, {"model": "admin.logentry", "pk": 4, "fields": {"action_time": "2019-05-20T00:13:58.046Z", "user": ["admin"], "content_type": ["myapp", "category"], "object_id": "2", "object_repr": "Appliances", "action_flag": 2, "change_message": "[{\"changed\": {\"fields\": [\"name\"]}}]"}}, {"model": "admin.logentry", "pk": 5, "fields": {"action_time": "2019-05-20T00:14:12.048Z", "user": ["admin"], "content_type": ["myapp", "category"], "object_id": "3", "object_repr": "Electronics", "action_flag": 1, "change_message": "[{\"added\": {}}]"}}, {"model": "admin.logentry", "pk": 6, "fields": {"action_time": "2019-05-20T00:14:21.158Z", "user": ["admin"], "content_type": ["myapp", "category"], "object_id": "4", "object_repr": "Home Decor", "action_flag": 1, "change_message": "[{\"added\": {}}]"}}, {"model": "admin.logentry", "pk": 7, "fields": {"action_time": "2019-05-20T00:14:28.577Z", "user": ["admin"], "content_type": ["myapp", "category"], "object_id": "5", "object_repr": "Flooring", "action_flag": 1, "change_message": "[{\"added\": {}}]"}}, {"model": "admin.logentry", "pk": 8, "fields": {"action_time": "2019-05-20T00:19:16.855Z", "user": ["admin"], "content_type": ["myapp", "client"], "object_id": "3", "object_repr": "JohnSmithCmp1University AveueWindsorONmyapp.Category.None", "action_flag": 1, "change_message": "[{\"added\": {}}]"}}, {"model": "admin.logentry", "pk": 9, "fields": {"action_time": "2019-05-20T00:20:07.566Z", "user": ["admin"], "content_type": ["myapp", "client"], "object_id": "4", "object_repr": "MaryHallcmp2456 Sunset AvenueWindsorONmyapp.Category.None", "action_flag": 1, "change_message": "[{\"added\": {}}]"}}, {"model": "admin.logentry", "pk": 10, "fields": {"action_time": "2019-05-20T00:20:23.852Z", "user": ["admin"], "content_type": ["myapp", "client"], "object_id": "3", "object_repr": "JohnSmithCmp1123 University AvenueWindsorONmyapp.Category.None", "action_flag": 2, "change_message": "[{\"changed\": {\"fields\": [\"shipping_address\"]}}]"}}, {"model": "admin.logentry", "pk": 11, "fields": {"action_time": "2019-05-20T00:21:25.778Z", "user": ["admin"], "content_type": ["myapp", "client"], "object_id": "5", "object_repr": "AlanJonescmp3789 King StreetCalgaryABmyapp.Category.None", "action_flag": 1, "change_message": "[{\"added\": {}}]"}}, {"model": "admin.logentry", "pk": 12, "fields": {"action_time": "2019-05-20T00:22:27.475Z", "user": ["admin"], "content_type": ["myapp", "client"], "object_id": "6", "object_repr": "JoshJonescmp4456 Sunset AvenueMontrealQCmyapp.Category.None", "action_flag": 1, "change_message": "[{\"added\": {}}]"}}, {"model": "admin.logentry", "pk": 13, "fields": {"action_time": "2019-05-20T00:23:17.042Z", "user": ["admin"], "content_type": ["myapp", "client"], "object_id": "7", "object_repr": "BillWangcmp5987 King StreetEdmonontonABmyapp.Category.None", "action_flag": 1, "change_message": "[{\"added\": {}}]"}}, {"model": "admin.logentry", "pk": 14, "fields": {"action_time": "2019-05-20T00:24:10.613Z", "user": ["admin"], "content_type": ["myapp", "product"], "object_id": "1", "object_repr": "ClockHome Decor99.9950True", "action_flag": 1, "change_message": "[{\"added\": {}}]"}}, {"model": "admin.logentry", "pk": 15, "fields": {"action_time": "2019-05-20T00:24:28.009Z", "user": ["admin"], "content_type": ["myapp", "product"], "object_id": "2", "object_repr": "VaseHome Decor82.54100True", "action_flag": 1, "change_message": "[{\"added\": {}}]"}}, {"model": "admin.logentry", "pk": 16, "fields": {"action_time": "2019-05-20T00:24:50.974Z", "user": ["admin"], "content_type": ["myapp", "product"], "object_id": "3", "object_repr": "PaintingHome Decor135.8080True", "action_flag": 1, "change_message": "[{\"added\": {}}]"}}, {"model": "admin.logentry", "pk": 17, "fields": {"action_time": "2019-05-20T00:25:09.808Z", "user": ["admin"], "content_type": ["myapp", "product"], "object_id": "4", "object_repr": "LampHome Decor59.99200True", "action_flag": 1, "change_message": "[{\"added\": {}}]"}}, {"model": "admin.logentry", "pk": 18, "fields": {"action_time": "2019-05-20T00:25:36.444Z", "user": ["admin"], "content_type": ["myapp", "product"], "object_id": "5", "object_repr": "TabletElectronics299.990False", "action_flag": 1, "change_message": "[{\"added\": {}}]"}}, {"model": "admin.logentry", "pk": 19, "fields": {"action_time": "2019-05-20T00:26:11.034Z", "user": ["admin"], "content_type": ["myapp", "product"], "object_id": "6", "object_repr": "LaptopElectronics975.5085True", "action_flag": 1, "change_message": "[{\"added\": {}}]"}}, {"model": "admin.logentry", "pk": 20, "fields": {"action_time": "2019-05-20T00:26:28.679Z", "user": ["admin"], "content_type": ["myapp", "product"], "object_id": "7", "object_repr": "TVElectronics350020True", "action_flag": 1, "change_message": "[{\"added\": {}}]"}}, {"model": "admin.logentry", "pk": 21, "fields": {"action_time": "2019-05-20T00:26:47.430Z", "user": ["admin"], "content_type": ["myapp", "product"], "object_id": "8", "object_repr": "TableFurniture599.99120True", "action_flag": 1, "change_message": "[{\"added\": {}}]"}}, {"model": "admin.logentry", "pk": 22, "fields": {"action_time": "2019-05-20T00:27:09.654Z", "user": ["admin"], "content_type": ["myapp", "product"], "object_id": "9", "object_repr": "DresserFurniture360.85100True", "action_flag": 1, "change_message": "[{\"added\": {}}]"}}, {"model": "admin.logentry", "pk": 23, "fields": {"action_time": "2019-05-20T00:27:35.724Z", "user": ["admin"], "content_type": ["myapp", "product"], "object_id": "10", "object_repr": "BedFurniture1225.250False", "action_flag": 1, "change_message": "[{\"added\": {}}]"}}, {"model": "admin.logentry", "pk": 24, "fields": {"action_time": "2019-05-20T00:27:55.155Z", "user": ["admin"], "content_type": ["myapp", "product"], "object_id": "11", "object_repr": "SofaFurniture1500.95175True", "action_flag": 1, "change_message": "[{\"added\": {}}]"}}, {"model": "admin.logentry", "pk": 25, "fields": {"action_time": "2019-05-20T00:28:10.713Z", "user": ["admin"], "content_type": ["myapp", "product"], "object_id": "12", "object_repr": "DryerAppliances7770False", "action_flag": 1, "change_message": "[{\"added\": {}}]"}}, {"model": "admin.logentry", "pk": 26, "fields": {"action_time": "2019-05-20T00:28:38.415Z", "user": ["admin"], "content_type": ["myapp", "product"], "object_id": "13", "object_repr": "WasherAppliances885.7550True", "action_flag": 1, "change_message": "[{\"added\": {}}]"}}, {"model": "admin.logentry", "pk": 27, "fields": {"action_time": "2019-05-20T00:28:58.790Z", "user": ["admin"], "content_type": ["myapp", "product"], "object_id": "14", "object_repr": "StoveAppliances950.5050True", "action_flag": 1, "change_message": "[{\"added\": {}}]"}}, {"model": "admin.logentry", "pk": 28, "fields": {"action_time": "2019-05-20T00:30:00.465Z", "user": ["admin"], "content_type": ["myapp", "order"], "object_id": "1", "object_repr": "LampMaryHall21", "action_flag": 1, "change_message": "[{\"added\": {}}]"}}, {"model": "admin.logentry", "pk": 29, "fields": {"action_time": "2019-05-20T00:30:38.044Z", "user": ["admin"], "content_type": ["myapp", "order"], "object_id": "2", "object_repr": "TVJohnSmith11", "action_flag": 1, "change_message": "[{\"added\": {}}]"}}, {"model": "admin.logentry", "pk": 30, "fields": {"action_time": "2019-06-27T22:12:40.685Z", "user": ["admin"], "content_type": ["auth", "user"], "object_id": "1", "object_repr": "shah17u", "action_flag": 3, "change_message": ""}}, {"model": "admin.logentry", "pk": 31, "fields": {"action_time": "2019-06-27T22:12:40.814Z", "user": ["admin"], "content_type": ["auth", "user"], "object_id": "8", "object_repr": "shah18u", "action_flag": 3, "change_message": ""}}, {"model": "admin.logentry", "pk": 32, "fields": {"action_time": "2019-06-27T22:35:52.414Z", "user": ["admin"], "content_type": ["auth", "user"], "object_id": "9", "object_repr": "shah17u", "action_flag": 3, "change_message": ""}}, {"model": "admin.logentry", "pk": 33, "fields": {"action_time": "2019-06-27T23:25:23.111Z", "user": ["admin"], "content_type": ["auth", "user"], "object_id": "10", "object_repr": "shah17u", "action_flag": 3, "change_message": ""}}, {"model": "admin.logentry", "pk": 34, "fields": {"action_time": "2019-06-27T23:40:08.780Z", "user": ["admin"], "content_type": ["auth", "user"], "object_id": "11", "object_repr": "shah17u", "action_flag": 3, "change_message": ""}}, {"model": "admin.logentry", "pk": 35, "fields": {"action_time": "2019-06-28T00:16:15.538Z", "user": ["admin"], "content_type": ["auth", "user"], "object_id": "13", "object_repr": "Aniket", "action_flag": 3, "change_message": ""}}]